{
  "id": "2574121",
  "name": "中法移动下单",
  "font_family": "yaicon",
  "css_prefix_text": "icon-",
  "description": "",
  "glyphs": [
    {
      "icon_id": "21193244",
      "name": "历史订单",
      "font_class": "lishidingdan1",
      "unicode": "e892",
      "unicode_decimal": 59538
    },
    {
      "icon_id": "8578387",
      "name": "待审核",
      "font_class": "daishenhe",
      "unicode": "e66f",
      "unicode_decimal": 58991
    },
    {
      "icon_id": "13205618",
      "name": "待审核",
      "font_class": "shenhe",
      "unicode": "e60b",
      "unicode_decimal": 58891
    },
    {
      "icon_id": "14454601",
      "name": "已审核",
      "font_class": "yishenhe",
      "unicode": "e61b",
      "unicode_decimal": 58907
    },
    {
      "icon_id": "15431726",
      "name": "已审核",
      "font_class": "alreadyaudit",
      "unicode": "e86c",
      "unicode_decimal": 59500
    },
    {
      "icon_id": "1064474",
      "name": "历史订单",
      "font_class": "lishidingdan-copy",
      "unicode": "e62c",
      "unicode_decimal": 58924
    },
    {
      "icon_id": "1151448",
      "name": "新建订单",
      "font_class": "xinjiandingdan",
      "unicode": "e64e",
      "unicode_decimal": 58958
    },
    {
      "icon_id": "3295235",
      "name": "历史订单",
      "font_class": "lishidingdan",
      "unicode": "e600",
      "unicode_decimal": 58880
    },
    {
      "icon_id": "8003845",
      "name": "销售收款",
      "font_class": "xiaoshoushoukuan",
      "unicode": "e601",
      "unicode_decimal": 58881
    },
    {
      "icon_id": "11638742",
      "name": "货物单位",
      "font_class": "huowudanwei",
      "unicode": "e78f",
      "unicode_decimal": 59279
    },
    {
      "icon_id": "11646031",
      "name": "批量关闭订单",
      "font_class": "piliangguanbidingdan",
      "unicode": "e874",
      "unicode_decimal": 59508
    },
    {
      "icon_id": "13637598",
      "name": "关闭订单",
      "font_class": "guanbidingdan",
      "unicode": "e614",
      "unicode_decimal": 58900
    },
    {
      "icon_id": "17386854",
      "name": "应收账款",
      "font_class": "yingshouzhangkuan",
      "unicode": "e693",
      "unicode_decimal": 59027
    },
    {
      "icon_id": "17556292",
      "name": "新建订单",
      "font_class": "xinjiandingdan1",
      "unicode": "e609",
      "unicode_decimal": 58889
    },
    {
      "icon_id": "17564420",
      "name": "应收账款",
      "font_class": "yingshouzhangkuan1",
      "unicode": "e684",
      "unicode_decimal": 59012
    }
  ]
}
